item_id,text_type,content,source_path
982023794758,title,KRRAMEL生日礼物女送闺蜜实用按摩梳闺蜜梳子礼盒毕业礼物伴手礼,/Users/muhan/Documents/Codex/2026-07-09/https-detail-tmall-com-item-htm/outputs/live_product_982023794758/rendered_product_sections.json
982023794758,right_panel_text,"KRRAMEL生日礼物女送闺蜜实用按摩梳闺蜜梳子礼盒毕业礼物伴手礼 券后 ￥ 321 优惠前 ￥ 379 您有12元红包待使用 距结束00:00:01 KRRAMEL生日礼物女送闺蜜实用按摩梳闺蜜梳子礼盒毕业礼物伴手礼 已售 3万+ 可开发票 多人评价""内包装挺完美"" 超1千回头客 超3万人加购 券后 ￥ 321 优惠前￥379 官方推荐 全网好价 官方立减12%省41元 立减5.01元 承诺今天发货，预计明天送达 快递: 免运费，可加价选顺丰 浙江金华 至 杭州市 拱墅区 大促价保88VIP退货包运费假一赔四极速退款7天无理由退换 信用卡支付 颜色分类 切换大图模式 四叶草、蝶镜【款式随机发送】 岁月同梳【中号松塔梳+中号气垫梳】 推荐 岁月同梳【中号松塔梳+大号气垫梳】 万人加购 岁月同梳【大号松塔梳+中号气垫梳】 岁月同梳【大号松塔梳+大号气垫梳】 灵悦梳影【中号松塔梳】 灵悦梳影【大号松塔梳】 椿珩梳意【中号松塔梳】 椿珩梳意【大号松塔梳】 数量 有货 加入购物车 领券购买 收藏 加采购",/Users/muhan/Documents/Codex/2026-07-09/https-detail-tmall-com-item-htm/outputs/live_product_982023794758/rendered_product_sections.json
982023794758,params_area_text,"参数信息 毕业 场景类型 礼盒装 包装种类 生日 适用节日 组合礼盒,个人护理礼盒,组合礼品 货品分类 品牌 KRRAMEL 产品名称 松塔猪鬃护发梳 适用人群 女生 流行趋势词 实用 主色系 原木色 货号 741 修饰词 梳子礼盒 是否为特殊用途化妆品 否 材质工艺 HIPS高抗冲聚材质 颜色分类 春节不打烊 48小时内发货 四叶草、蝶镜【款式随机发送】 岁月同梳【中号松塔梳+中号气垫梳】 岁月同梳【中号松塔梳+大号气垫梳】 岁月同梳【大号松塔梳+中号气垫梳】 岁月同梳【大号松塔梳+大号气垫梳】 灵悦梳影【中号松塔梳】 灵悦梳影【大号松塔梳】 椿珩梳意【中号松塔梳】 椿珩梳意【大号松塔梳】 祝你纯粹礼盒【中号松塔梳】 祝你纯粹礼盒【大号松塔梳】 圣诞岁安礼盒【大号松塔梳】",/Users/muhan/Documents/Codex/2026-07-09/https-detail-tmall-com-item-htm/outputs/live_product_982023794758/rendered_product_sections.json
982023794758,review_summary,"{""title"": ""用户评价·1000+ 近3个月好评率高达99.0%"", ""summary"": ""用户评价·1000+ 近3个月好评率高达99.0%"", ""tags"": [""全部 图/视频100+ 追评14 送礼合适21 按摩头皮5 梳头舒服25 梳头不痛7 品控好5 按摩舒适13 质感十足17"", ""全部"", ""图/视频100+"", ""100+"", ""追评14"", ""14"", ""送礼合适21"", ""21"", ""按摩头皮5"", ""5"", ""梳头舒服25"", ""25"", ""梳头不痛7"", ""7"", ""品控好5"", ""按摩舒适13"", ""13"", ""质感十足17"", ""17"", ""为你展示真实评价 默认排序 款式筛选"", ""为你展示真实评价"", ""默认排序 款式筛选"", ""默认排序"", ""默认排序时间排序"", ""时间排序"", ""款式筛选""]}",/Users/muhan/Documents/Codex/2026-07-09/https-detail-tmall-com-item-htm/outputs/live_product_982023794758/rendered_product_sections.json
982023794758,capture_limitation,评价抽屉滚动抓到260条；页面内MTop签名cookie不可读，未能继续用接口补全1000+全部评价。,/Users/muhan/Documents/Codex/2026-07-09/https-detail-tmall-com-item-htm/outputs/live_product_982023794758/rendered_product_sections.json
982023794758,product_full_report,"# KRRAMEL Tmall Product Full Capture Generated: 2026-07-09 01:55:17+0800 Item ID: 982023794758 Title: KRRAMEL生日礼物女送闺蜜实用按摩梳闺蜜梳子礼盒毕业礼物伴手礼 Current visible price: 券后 ￥ 321 / 优惠前 ￥ 379 Captured reviews: 309 Captured review media URLs: 542 ## Product Parameters - 品牌: KRRAMEL - 产品名称: 松塔猪鬃护发梳 - 适用人群: 女生 - 流行趋势词: 实用 - 主色系: 原木色 - 货号: 741 - 修饰词: 梳子礼盒 - 是否为特殊用途化妆品: 否 - 材质工艺: HIPS高抗冲聚材质 - 颜色分类: 春节不打烊 48小时内发货 四叶草、蝶镜【款式随机发送】 岁月同梳【中号松塔梳+中号气垫梳】 岁月同梳【中号松塔梳+大号气垫梳】 岁月同梳【大号松塔梳+中号气垫梳】 岁月同梳【大号松塔梳+大号气垫梳】 灵悦梳影【中号松塔梳】 灵悦梳影【大号松塔梳】 椿珩梳意【中号松塔梳】 椿珩梳意【大号松塔梳】 祝你纯粹礼盒【中号松塔梳】 祝你纯粹礼盒【大号松塔梳】 圣诞岁安礼盒【大号松塔梳】 ## Gift Box / SKU Options | Source | SKU | Included products | Price | Badges | Design keywords | | --- | --- | --- | --- | --- | --- | | visible_sku_panel | 四叶草、蝶镜【款式随机发送】 | 款式随机发送 | 券后 ￥ 246 / 优惠前 ￥ 294 | | 四叶草 / 蝶镜 / 随机 | | visible_sku_panel | 岁月同梳【中号松塔梳+中号气垫梳】 推荐 | 中号松塔梳 / 中号气垫梳 | 券后 ￥ 246 / 优惠前 ￥ 294 | 推荐 | 岁月同梳 / 松塔 / 气垫 / 中号 | | visible_sku_panel | 岁月同梳【中号松塔梳+大号气垫梳】 万人加购 | 中号松塔梳 / 大号气垫梳 | 券后 ￥ 277 / 优惠前 ￥ 329 | 万人加购 | 岁月同梳 / 松塔 / 气垫 / 中号 / 大号 | | visible_sku_panel | 岁月同梳【大号松塔梳+中号气垫梳】 | 大号松塔梳 / 中号气垫梳 | 券后 ￥ 292 / 优惠前 ￥ 346 | | 岁月同梳 / 松塔 / 气垫 / 中号 / 大号 | | visible_sku_panel | 岁月同梳【大号松塔梳+大号气垫梳】 | 大号松塔梳 / 大号气垫梳 | 券后 ￥ 323 / 优惠前 ￥ 381 | | 岁月同梳 / 松塔 / 气垫 / 大号 | | visible_sku_panel | 灵悦梳影【中号松塔梳】 | 中号松塔梳 | 券后 ￥ 280.99 / 优惠前 ￥ 339 | | 灵悦梳影 / 松塔 / 中号 | | visible_sku_panel | 灵悦梳影【大号松塔梳】 | 大号松塔梳 | 券后 ￥ 328 / 优惠前 ￥ 389 | | 灵悦梳影 / 松塔 / 大号 | | visible_sku_panel | 椿珩梳意【中号松塔梳】 | 中号松塔梳 | 券后 ￥ 277 / 优惠前 ￥ 329 | | 椿珩梳意 / 松塔 / 中号 | | visible_sku_panel | 椿珩梳意【大号松塔梳】 | 大号松塔梳 | 券后 ￥ 321 / 优惠前 ￥ 379 | | 椿珩梳意 / 松塔 / 大号 | | parameter_area_only | 祝你纯粹礼盒【中号松塔梳】 | 中号松塔梳 | | | 礼盒 / 祝你纯粹 / 松塔 / 中号 | | parameter_area_only | 祝你纯粹礼盒【大号松塔梳】 | 大号松塔梳 | | | 礼盒 / 祝你纯粹 / 松塔 / 大号 | | parameter_area_only | 圣诞岁安礼盒【大号松塔梳】 | 大号松塔梳 | | | 礼盒 / 圣诞岁安 / 圣诞 / 松塔 / 大号 | ## Review Capture - Review summary: {""title"": ""用户评价·1000+ 近3个月好评率高达99.0%"", ""summary"": ""用户评价·1000+ 近3个月好评率高达99.0%"", ""tags"": [""全部 图/视频100+ 追评14 送礼合适21 按摩头皮5 梳头舒服25 梳头不痛7 品控好5 按摩舒适13 质感十足17"", ""全部"", ""图/视频100+"", ""100+"", ""追评14"", ""14"", ""送礼合适21"", ""21"", ""按摩头皮5"", ""5"", ""梳头舒服25"", ""25"", ""梳头不痛7"", ""7"", ""品控好5"", ""按摩舒适13"", ""13"", ""质感十足17"", ""17"", ""为你展示真实评价 默认排序 款式筛选"", ""为你展示真实评价"", ""默认排序 款式筛选"", ""默认排序"", ""默认排序时间排序"", ""时间排序"", ""款式筛选""]} - Captured: 309 reviews. - Limitation: 评价抽屉滚动抓到260条；页面内MTop签名cookie不可读，未能继续用接口补全1000+全部评价。",/Users/muhan/Documents/Codex/2026-07-09/https-detail-tmall-com-item-htm/outputs/live_product_982023794758/product_full_report.md
860413289189,title,KRRAMEL梳子毕业礼物猪鬃梳子气垫梳生日礼物女生新婚礼物按摩梳,/Users/muhan/Documents/Codex/2026-07-09/https-detail-tmall-com-item-htm/outputs/live_product_860413289189/rendered_product_sections.json
860413289189,right_panel_text,"KRRAMEL梳子毕业礼物猪鬃梳子气垫梳生日礼物女生新婚礼物按摩梳 券后 ￥ 396 优惠前 ￥ 450 天猫榜单 回购榜·第6名 KRRAMEL梳子毕业礼物猪鬃梳子气垫梳生日礼物女生新婚礼物按摩梳 已售 1万+ 可开发票 多人评价""送人很适合"" 回头客736人 超7千人加购 券后 ￥ 396 优惠前￥450 距结束 21:45:59 官方立减12%省54元 预计今天发货，明天送达 快递: 免运费，可加价选顺丰 浙江金华 至 杭州市 拱墅区 大促价保破损包退88VIP退货包运费极速退款7天无理由退换 信用卡支付 颜色分类 【说明勿拍】联系客服代写贺卡 【新老包装替换】 绯韵梳语礼盒【中号松塔梳】 灵悦梳影礼盒【中号松塔梳】 万人加购 灵悦梳影礼盒【大号松塔梳】 梳愈时光礼盒【中号松塔梳】 梳愈时光礼盒【大号松塔梳】 品牌限定礼盒【中号松塔梳】 鎏金梳丽礼盒【中号松塔梳】 养生护发礼盒【中号松塔梳】 至臻护发礼盒【中号松塔梳】 护发经络梳礼【中号松塔梳】 谧光梳礼礼盒【中号松塔梳】 谧光梳礼礼盒【大号松塔梳】 叶影奢华礼盒【大号松塔梳，赠刮痧板】 叶影奢华礼盒【中号松塔梳，赠刮痧板】 璀璨梳影礼盒【中号松塔梳】 【一梳百顺】流光梳影礼盒【中号松塔梳+中号梳】 【一梳百顺】流光梳影礼盒【大号松塔梳+中号梳】 【好梳成双】青丝沐语礼盒【中号松塔梳+中号梳】 【好梳成双】青丝沐语礼盒【大号松塔梳+中号梳】 数量 有货 加入购物车 领券购买 收藏 加采购",/Users/muhan/Documents/Codex/2026-07-09/https-detail-tmall-com-item-htm/outputs/live_product_860413289189/rendered_product_sections.json
860413289189,product_text_snapshot,"用户评价 参数信息 图文详情 本店推荐 看了又看 用户评价·1000+ 近3个月好评率高达99.4% 包装不错25 包装不错25 整体体验好20 实用性高16 外观好看15 精致礼盒15 礼物很贴心12 小饼干 2026-05-09已购：灵悦梳影礼盒【大号松塔梳】 我就是收到这个礼物的新娘本人！真的，在拆了一晚上红包和家电之后，拆到这个礼盒，瞬间就被治愈了🥹它不是一个物件，是一种“我们会好好过日子”的温柔提醒。非常用心 美少女yancy 2026-05-13已购：绯韵梳语礼盒【中号松塔梳】 送给闺蜜作为新婚礼物的 非常合适啊，寓意很好 实用性也强，不是那种放着落灰的礼盒,送她当场就拆开看了，说特别喜欢这个搭配！浴球和抓夹的小细节很加分，看起来很用心嘿嘿~ 查看全部评价 问大家·28 问 毕业送老师合适吗 绝对可以 更多回答 问 送这个寓意好嘛 顺顺溜溜，我觉得挺好的 更多回答 查看全部问答 参数信息 礼盒装 包装种类 所有发质 适用发质 猪鬃梳 梳子种类 家用 便携设计 梳子+清洁刷+收纳袋+小镜子+礼盒 套装内容 抛光 表面工艺 20cm 长度(cm) 可水洗 清洁方式 主要功能 美发造型,送礼,高颅顶,顺发,按摩头皮 品牌 KRRAMEL 手柄类型 直柄 适用场景 家庭 梳齿材质 猪鬃 是否一次性 可重复使用 货号 XS-LHH 商品品类 梳子 适用人群 成人 通用 手柄材质 松塔梳HIPS高抗冲聚和榉木 装饰元素 木质纹理 颜色分类 【说明勿拍】联系客服代写贺卡 绯韵梳语礼盒【中号松塔梳】 灵悦梳影礼盒【中号松塔梳】 灵悦梳影礼盒【大号松塔梳】 梳愈时光礼盒【中号松塔梳】 梳愈时光礼盒【大号松塔梳】 品牌限定礼盒【中号松塔梳】 鎏金梳丽礼盒【中号松塔梳】 养生护发礼盒【中号松塔梳】 至臻护发礼盒【中号松塔梳】 护发经络梳礼【中号松塔梳】 谧光梳礼礼盒【中号松塔梳】 谧光梳礼礼盒【大号松塔梳】 叶影奢华礼盒【大号松塔梳，赠刮痧板】 叶影奢华礼盒【中号松塔梳，赠刮痧板】 璀璨梳影礼盒【中号松塔梳】 【一梳百顺】流光梳影礼盒【中号松塔梳+中号梳】 【一梳百顺】流光梳影礼盒【大号松塔梳+中号梳】 【好梳成双】青丝沐语礼盒【中号松塔梳+中号梳】 【好梳成双】青丝沐语礼盒【大号松塔梳+中号梳】 图文详情 店铺活动 本店推荐 KRRAMEL新婚礼物生日礼物女生梳子结婚一对送闺蜜订婚伴手礼品 ¥330.0084人付款 KRRAMEL梳子松塔猪鬃毛梳护发梳蓬松气垫梳按摩梳子礼盒生日礼物 ¥165.005000+人付款 KRRAMEL生日礼物送闺蜜实用妈妈礼物轻奢礼盒养生礼物经络按摩梳 ¥334.0025人付款 KRRAMEL新婚礼物送新娘结婚梳子一对送闺蜜生日礼物女生气垫梳 ¥330.0038人付款 KRRAMEL生日礼物女生实用的梳子礼盒送闺蜜新婚礼物结婚订婚礼品 ¥334.004人付款 KRRAMEL生日礼物女梳子礼盒猪鬃梳经络梳结婚礼物送新娘新婚礼物 ¥294.003人付款 KRRAMEL生日礼物女生猪鬃梳子镂空梳蓬松高颅顶按摩梳新婚伴手礼 ¥334.000人付款 KRRAMEL【生日礼物】梳子礼盒送闺蜜实用的高级感新婚礼物松塔梳 ¥333.99100+人付款 KRRAMEL生日礼物送妈妈梳子礼盒养生经络按摩女生长辈高级感礼品 ¥334.0019人付款 KRRAMEL梳子礼盒木梳气囊梳气垫梳按摩梳子礼盒生日礼物女生礼物 ¥169.001000+人付款 KRRAMEL干发帽超强吸水速干海藻绒洗头干发帽儿童干发帽女童毛巾 ¥48.00500+人付款 KRRAMEL天然魔芋洗脸扑柔软吸水起泡低敏洁面扑海绵脸部清洁神器 ¥25.00100+人付款 --- 用户评价·1000+ 近3个月好评率高达99.4% 包装不错25 包装不错25 整体体验好20 实用性高16 外观好看15 精致礼盒15 礼物很贴心12 小饼干 2026-05-09已购：灵悦梳影礼盒【大号松塔梳】 我就是收到这个礼物的新娘本人！真的，在拆了一晚上红包和家电之后，拆到这个礼盒，瞬间就被治愈了🥹它不是一个物件，是一种“我们会好好过日子”的温柔提醒。非常用心 美少女yancy 2026-05-13已购：绯韵梳语礼盒【中号松塔梳】 送给闺蜜作为新婚礼物的 非常合适啊，寓意很好 实用性也强，不是那种放着落灰的礼盒,送她当场就拆开看了，说特别喜欢这个搭配！浴球和抓夹的小细节很加分，看起来很用心嘿嘿~ 查看全部评价 --- 问大家·28 问 毕业送老师合适吗 绝对可以 更多回答 问 送这个寓意好嘛 顺顺溜溜，我觉得挺好的 更多回答 查看全部问答 --- 参数信息 礼盒装 包装种类 所有发质 适用发质 猪鬃梳 梳子种类 家用 便携设计 梳子+清洁刷+收纳袋+小镜子+礼盒 套装内容 抛光 表面工艺 20cm 长度(cm) 可水洗 清洁方式 主要功能 美发造型,送礼,高颅顶,顺发,按摩头皮 品牌 KRRAMEL 手柄类型 直柄 适用场景 家庭 梳齿材质 猪鬃 是否一次性 可重复使用 货号 XS-LHH 商品品类 梳子 适用人群 成人 通用 手柄材质 松塔梳HIPS高抗冲聚和榉木 装饰元素 木质纹理 颜色分类 【说明勿拍】联系客服代写贺卡 绯韵梳语礼盒【中号松塔梳】 灵悦梳影礼盒【中号松塔梳】 灵悦梳影礼盒【大号松塔梳】 梳愈时光礼盒【中号松塔梳】 梳愈时光礼盒【大号松塔梳】 品牌限定礼盒【中号松塔梳】 鎏金梳丽礼盒【中号松塔梳】 养生护发礼盒【中号松塔梳】 至臻护发礼盒【中号松塔梳】 护发经络梳礼【中号松塔梳】 谧光梳礼礼盒【中号松塔梳】 谧光梳礼礼盒【大号松塔梳】 叶影奢华礼盒【大号松塔梳，赠刮痧板】 叶影奢华礼盒【中号松塔梳，赠刮痧板】 璀璨梳影礼盒【中号松塔梳】 【一梳百顺】流光梳影礼盒【中号松塔梳+中号梳】 【一梳百顺】流光梳影礼盒【大号松塔梳+中号梳】 【好梳成双】青丝沐语礼盒【中号松塔梳+中号梳】 【好梳成双】青丝沐语礼盒【大号松塔梳+中号梳】 --- 本店推荐 KRRAMEL新婚礼物生日礼物女生梳子结婚一对送闺蜜订婚伴手礼品 ¥330.0084人付款 KRRAMEL梳子松塔猪鬃毛梳护发梳蓬松气垫梳按摩梳子礼盒生日礼物 ¥165.005000+人付款 KRRAMEL生日礼物送闺蜜实用妈妈礼物轻奢礼盒养生礼物经络按摩梳 ¥334.0025人付款 KRRAMEL新婚礼物送新娘结婚梳子一对送闺蜜生日礼物女生气垫梳 ¥330.0038人付款 KRRAMEL生日礼物女生实用的梳子礼盒送闺蜜新婚礼物结婚订婚礼品 ¥334.004人付款 KRRAMEL生日礼物女梳子礼盒猪鬃梳经络梳结婚礼物送新娘新婚礼物 ¥294.003人付款 KRRAMEL生日礼物女生猪鬃梳子镂空梳蓬松高颅顶按摩梳新婚伴手礼 ¥334.000人付款 KRRAMEL【生日礼物】梳子礼盒送闺蜜实用的高级感新婚礼物松塔梳 ¥333.99100+人付款 KRRAMEL生日礼物送妈妈梳子礼盒养生经络按摩女生长辈高级感礼品 ¥334.0019人付款 KRRAMEL梳子礼盒木梳气囊梳气垫梳按摩梳子礼盒生日礼物女生礼物 ¥169.001000+人付款 KRRAMEL干发帽超强吸水速干海藻绒洗头干发帽儿童干发帽女童毛巾 ¥48.00500+人付款 KRRAMEL天然魔芋洗脸扑柔软吸水起泡低敏洁面扑海绵脸部清洁神器 ¥25.00100+人付款 --- KRRAMEL梳子毕业礼物猪鬃梳子气垫梳生日礼物女生新婚礼物按摩梳 券后 ￥ 396 优惠前 ￥ 450 天猫榜单 回购榜·第6名 KRRAMEL梳子毕业礼物猪鬃梳子气垫梳生日礼物女生新婚礼物按摩梳 已售 1万+ 可开发票 多人评价""送人很适合"" 回头客736人 超7千人加购 券后 ￥ 396 优惠前￥450 距结束 21:45:59 官方立减12%省54元 预计今天发货，明天送达 快递: 免运费，可加价选顺丰 浙江金华 至 杭州市 拱墅区 大促价保破损包退88VIP退货包运费极速退款7天无理由退换 信用卡支付 颜色分类 【说明勿拍】联系客服代写贺卡 【新老包装替换】 绯韵梳语礼盒【中号松塔梳】 灵悦梳影礼盒【中号松塔梳】 万人加购 灵悦梳影礼盒【大号松塔梳】 梳愈时光礼盒【中号松塔梳】 梳愈时光礼盒【大号松塔梳】 品牌限定礼盒【中号松塔梳】 鎏金梳丽礼盒【中号松塔梳】 养生护发礼盒【中号松塔梳】 至臻护发礼盒【中号松塔梳】 护发经络梳礼【中号松塔梳】 谧光梳礼礼盒【中号松塔梳】 谧光梳礼礼盒【大号松塔梳】 叶影奢华礼盒【大号松塔梳，赠刮痧板】 叶影奢华礼盒【中号松塔梳，赠刮痧板】 璀璨梳影礼盒【中号松塔梳】 【一梳百顺】流光梳影礼盒【中号松塔梳+中号梳】 【一梳百顺】流光梳影礼盒【大号松塔梳+中号梳】 【好梳成双】青丝沐语礼盒【中号松塔梳+中号梳】 【好梳成双】青丝沐语礼盒【大号松塔梳+中号梳】 数量 有货 加入购物车 领券购买 收藏 加采购",/Users/muhan/Documents/Codex/2026-07-09/https-detail-tmall-com-item-htm/outputs/live_product_860413289189/rendered_product_sections.json
860413289189,params_area_text,"参数信息礼盒装包装种类所有发质适用发质猪鬃梳梳子种类家用便携设计梳子+清洁刷+收纳袋+小镜子+礼盒套装内容抛光表面工艺20cm长度(cm)可水洗清洁方式主要功能美发造型,送礼,高颅顶,顺发,按摩头皮品牌KRRAMEL手柄类型直柄适用场景家庭梳齿材质猪鬃是否一次性可重复使用货号XS-LHH商品品类梳子适用人群成人 通用手柄材质松塔梳HIPS高抗冲聚和榉木装饰元素木质纹理颜色分类【说明勿拍】联系客服代写贺卡 绯韵梳语礼盒【中号松塔梳】 灵悦梳影礼盒【中号松塔梳】 灵悦梳影礼盒【大号松塔梳】 梳愈时光礼盒【中号松塔梳】 梳愈时光礼盒【大号松塔梳】 品牌限定礼盒【中号松塔梳】 鎏金梳丽礼盒【中号松塔梳】 养生护发礼盒【中号松塔梳】 至臻护发礼盒【中号松塔梳】 护发经络梳礼【中号松塔梳】 谧光梳礼礼盒【中号松塔梳】 谧光梳礼礼盒【大号松塔梳】 叶影奢华礼盒【大号松塔梳，赠刮痧板】 叶影奢华礼盒【中号松塔梳，赠刮痧板】 璀璨梳影礼盒【中号松塔梳】 【一梳百顺】流光梳影礼盒【中号松塔梳+中号梳】 【一梳百顺】流光梳影礼盒【大号松塔梳+中号梳】 【好梳成双】青丝沐语礼盒【中号松塔梳+中号梳】 【好梳成双】青丝沐语礼盒【大号松塔梳+中号梳】 礼盒装包装种类所有发质适用发质猪鬃梳梳子种类家用便携设计梳子+清洁刷+收纳袋+小镜子+礼盒套装内容抛光表面工艺20cm长度(cm)可水洗清洁方式 礼盒装包装种类 礼盒装 包装种类 所有发质适用发质 所有发质 适用发质 猪鬃梳梳子种类 猪鬃梳 梳子种类 家用便携设计 家用 便携设计 梳子+清洁刷+收纳袋+小镜子+礼盒套装内容 梳子+清洁刷+收纳袋+小镜子+礼盒 套装内容 抛光表面工艺 抛光 表面工艺 20cm长度(cm) 20cm 长度(cm) 可水洗清洁方式 可水洗 清洁方式 主要功能美发造型,送礼,高颅顶,顺发,按摩头皮品牌KRRAMEL手柄类型直柄适用场景家庭梳齿材质猪鬃是否一次性可重复使用货号XS-LHH商品品类梳子适用人群成人 通用手柄材质松塔梳HIPS高抗冲聚和榉木装饰元素木质纹理颜色分类【说明勿拍】联系客服代写贺卡 绯韵梳语礼盒【中号松塔梳】 灵悦梳影礼盒【中号松塔梳】 灵悦梳影礼盒【大号松塔梳】 梳愈时光礼盒【中号松塔梳】 梳愈时光礼盒【大号松塔梳】 品牌限定礼盒【中号松塔梳】 鎏金梳丽礼盒【中号松塔梳】 养生护发礼盒【中号松塔梳】 至臻护发礼盒【中号松塔梳】 护发经络梳礼【中号松塔梳】 谧光梳礼礼盒【中号松塔梳】 谧光梳礼礼盒【大号松塔梳】 叶影奢华礼盒【大号松塔梳，赠刮痧板】 叶影奢华礼盒【中号松塔梳，赠刮痧板】 璀璨梳影礼盒【中号松塔梳】 【一梳百顺】流光梳影礼盒【中号松塔梳+中号梳】 【一梳百顺】流光梳影礼盒【大号松塔梳+中号梳】 【好梳成双】青丝沐语礼盒【中号松塔梳+中号梳】 【好梳成双】青丝沐语礼盒【大号松塔梳+中号梳】 主要功能美发造型,送礼,高颅顶,顺发,按摩头皮 主要功能 美发造型,送礼,高颅顶,顺发,按摩头皮 品牌KRRAMEL 品牌 KRRAMEL 手柄类型直柄 手柄类型 直柄 适用场景家庭 适用场景 家庭 梳齿材质猪鬃 梳齿材质 猪鬃 是否一次性可重复使用 是否一次性 可重复使用 货号XS-LHH 货号 XS-LHH 商品品类梳子 商品品类 梳子 适用人群成人 通用 适用人群 成人 通用 手柄材质松塔梳HIPS高抗冲聚和榉木 手柄材质 松塔梳HIPS高抗冲聚和榉木 装饰元素木质纹理 装饰元素 木质纹理 颜色分类【说明勿拍】联系客服代写贺卡 绯韵梳语礼盒【中号松塔梳】 灵悦梳影礼盒【中号松塔梳】 灵悦梳影礼盒【大号松塔梳】 梳愈时光礼盒【中号松塔梳】 梳愈时光礼盒【大号松塔梳】 品牌限定礼盒【中号松塔梳】 鎏金梳丽礼盒【中号松塔梳】 养生护发礼盒【中号松塔梳】 至臻护发礼盒【中号松塔梳】 护发经络梳礼【中号松塔梳】 谧光梳礼礼盒【中号松塔梳】 谧光梳礼礼盒【大号松塔梳】 叶影奢华礼盒【大号松塔梳，赠刮痧板】 叶影奢华礼盒【中号松塔梳，赠刮痧板】 璀璨梳影礼盒【中号松塔梳】 【一梳百顺】流光梳影礼盒【中号松塔梳+中号梳】 【一梳百顺】流光梳影礼盒【大号松塔梳+中号梳】 【好梳成双】青丝沐语礼盒【中号松塔梳+中号梳】 【好梳成双】青丝沐语礼盒【大号松塔梳+中号梳】 颜色分类 【说明勿拍】联系客服代写贺卡 绯韵梳语礼盒【中号松塔梳】 灵悦梳影礼盒【中号松塔梳】 灵悦梳影礼盒【大号松塔梳】 梳愈时光礼盒【中号松塔梳】 梳愈时光礼盒【大号松塔梳】 品牌限定礼盒【中号松塔梳】 鎏金梳丽礼盒【中号松塔梳】 养生护发礼盒【中号松塔梳】 至臻护发礼盒【中号松塔梳】 护发经络梳礼【中号松塔梳】 谧光梳礼礼盒【中号松塔梳】 谧光梳礼礼盒【大号松塔梳】 叶影奢华礼盒【大号松塔梳，赠刮痧板】 叶影奢华礼盒【中号松塔梳，赠刮痧板】 璀璨梳影礼盒【中号松塔梳】 【一梳百顺】流光梳影礼盒【中号松塔梳+中号梳】 【一梳百顺】流光梳影礼盒【大号松塔梳+中号梳】 【好梳成双】青丝沐语礼盒【中号松塔梳+中号梳】 【好梳成双】青丝沐语礼盒【大号松塔梳+中号梳】",/Users/muhan/Documents/Codex/2026-07-09/https-detail-tmall-com-item-htm/outputs/live_product_860413289189/rendered_product_sections.json
860413289189,review_summary,"{""tags"": [""包装不错25"", ""实用性高16"", ""外观好看15"", ""精致礼盒15"", ""礼物很贴心12"", ""查看全部评价"", ""查看全部问答"", ""礼盒装包装种类"", ""包装种类"", ""主要功能美发造型,送礼,高颅顶,顺发,按摩头皮"", ""美发造型,送礼,高颅顶,顺发,按摩头皮"", ""梳齿材质猪鬃"", ""梳齿材质"", ""手柄材质松塔梳HIPS高抗冲聚和榉木"", ""手柄材质"", ""【说明勿拍】联系客服代写贺卡 【新老包装替换】"", ""KRRAMEL新婚送新人有意义礼物"", ""【新婚礼物】臻献心意礼盒"", ""KRRAMEL梳子礼盒气垫按摩梳送礼"", ""KRRAMEL按摩梳礼盒装送人礼物"", ""新婚礼物送新娘梳子结婚一对订婚"", ""新婚礼物结婚礼盒送闺蜜一梳百顺"", ""【新婚礼物】一梳百顺梳子礼盒"", ""KRRAMEL毕业礼物送老师"", ""KRRAMEL生日礼物实用高级感梳子"", ""KRRAMEL闺蜜生日礼物高级感礼物"", ""新婚礼物送闺蜜高级实用结婚礼物"", ""KRRAMEL生日礼物女猪鬃梳送闺蜜"", ""象上情侣对杯新婚礼物礼盒装"", ""热销爆款 送女朋友老婆节日礼物"", ""WOOCH物取旋转玻璃杯礼盒装礼物"", ""英氏宝宝布书早教认知见面礼物"", ""新婚礼物送新人高级实用梳子礼盒"", ""KRRAMEL四叶草头部经络按摩梳"", ""KRRAMEL新婚礼物送梳子护发礼盒"", ""In Forest小森香薰礼盒节日礼物"", ""【周岁礼物】益智玩具一套配齐！"", ""KRRAMEL生日礼物送闺蜜新婚礼盒"", ""象上窑变工艺手工圣诞礼物咖啡杯"", ""krramel四叶草按摩头皮经络梳"", ""KRRAMEL闺蜜生日礼物女生梳子"", ""KRRAMEL礼物心动链接恋爱告急"", ""KRRAMEL生日礼物女生送闺蜜梳子"", ""故宫淘宝百喜毯新婚礼物"", ""初心羊角梳按摩梳经络指环梳礼盒"", ""KRRAMEL生日礼物女生梳子礼盒"", ""KRRAMEL轻奢高级感生日礼物梳子"", ""虞美人生日礼物牦牛角套装礼盒"", ""【生日礼物】非遗瓷花芍药夜灯"", ""KRRAMEL四合一按摩梳多功能"", ""Charabanc壁炉香薰机七夕礼物"", ""KRRAMEL琥珀猪鬃护发按摩梳"", ""KRRAMEL猫咪经络梳生日礼物"", ""虞美人生日礼物牦牛角梳子礼盒"", ""KRRAMEL按摩气垫梳 家用卷发梳"", ""初心高档养生梳子礼盒实用送老师"", ""RHOS结婚梳一对红色喜梳高颜值"", ""美国KRRAMEL气垫梳按摩女士专用"", ""女生超喜欢的按摩神器！生日礼物"", ""KRRAMEL【特价】礼物护发礼盒梳"", ""徕芬SE2吹风机敦煌红礼盒礼物"", ""初心养生梳子木梳生日礼物送女友"", ""美国WetBrush气垫按摩梳顺发梳子"", ""KRRAMEL粉色生日礼物女生"", ""梵瀚 纯实木可爱首饰盒高档精致"", ""星星人永生花情人节七夕礼物"", ""KRRAMEL洗头刷洗头神器头皮清洁"", ""檀木梳子礼盒按摩梳新婚礼物实用"", ""日本Tosfu猪鬃毛按摩梳"", ""珍稀老白水牛角梳按摩礼盒装高档"", ""WetBrush速干梳干发帽套装送礼物"", ""金色精致气质耳夹无耳洞""], ""titleText"": ""shirleytempo晗shirleytempo晗账号管理|退出查看你的专属权益网页无障碍淘宝网首页已买到的宝贝我的淘宝我的足迹我的卡券包购物车29收藏夹收藏的宝贝收藏的店铺免费开店淘宝开店天猫开店开直播店千牛卖家中心开店入驻已卖出的宝贝出售中的宝贝卖家服务市场卖家培训中心体检中心电商学习中心帮助中心官方客服商家客服消息中心意见反馈举报中心淘宝规则 krramel梳子 搜索搜本店 宝贝 Ctrl+V 粘贴图片快速图搜 按图片搜索 Ctrl+V 粘贴图片到此处 上传图片 KRRAMEL旗舰店5.088VIP好评率97%次日达超94%同行客服满意度97%客服进店参数直播讲解视频图集参数用户评价参数信息图文详情本店推荐看了又看用户评价·1000+近3个月好评率高达99.4%包装不错25包装不错25整体体验好20实用性高16外观好看15精致礼盒15礼物很贴心12小饼干2026-05-09已购：灵悦梳影礼盒【大号松塔梳】我就是收到这个礼物的新娘本人！真的，在拆了一晚上红包和家电之后，拆到这个礼盒，瞬间就被治愈了🥹它不是一个物件，是一种“我们会好好过日子”的温柔提醒。非常用心美少女yancy2026-05-13已购：绯韵梳语礼盒【中号松塔梳】送给闺蜜作为新婚礼物的 非常合适啊，寓意很好 实用性也强，不是那种放着落灰的礼盒,送她当场就拆开看了，说特别喜欢这个搭配！浴球和抓夹的"", ""tailText"": ""立减15%消费券大促价保退货宝包邮¥159.61000+人购买CONGSTUDIO手绘猫咪陶瓷杯釉下彩热销爆款消费券大促价保¥1721万+人购买星星人永生花情人节七夕礼物热销爆款官方立减12%消费券大促价保退货宝包邮¥3381000+人购买纪先生马年懒人自动功夫茶具套装官方立减12%消费券大促价保退货宝包邮¥240.35200+人购买KRRAMEL洗头刷洗头神器头皮清洁热销爆款全网低价消费券大促价保包邮¥58.81000+人购买檀木梳子礼盒按摩梳新婚礼物实用热销爆款官方立减12%大促价保退货宝淘金币抵4.7元包邮¥1391000+人购买由瓷毕业季礼物非遗手捏金桂瓷花香薰快客杯礼盒无火扩香器伴手礼消费券大促价保退货宝淘金币抵5.6元包邮¥165100+人购买日本Tosfu猪鬃毛按摩梳官方立减12%退货宝包邮¥35.11000+人购买JAY轻奢蓝色耳环复古耳夹入选合金耳夹热卖榜¥210.56500+人购买珍稀老白水牛角梳按摩礼盒装高档入选牛角梳排骨梳热销榜¥318.3200+人购买【原创】盐湖绝美耳夹银针耳饰女满11减10退货宝包邮¥27.71000+人购买WetBrush速干梳干发帽套装送礼物热销爆款官方立减12%消费券大促价保满50减10退货宝包邮¥1121000+人购买日本Tosfu洗澡搓脚神器热销爆款官方立减12%消费券大促价保退货宝包邮¥28.61万+人购买琥珀色复古风晕染耳饰无耳洞耳夹官方立减12%消费券大促价保包邮¥57.91000+人购买【小红书推荐】蕾丝高档沐浴球女热销爆款全网低价消费券大促价保包邮¥9.55万+人购买金色精致气质耳夹无耳洞消费券大促价保包邮¥26.13500+人购买妍彩气质小众方形珍珠耳坠女入选珍珠耳夹热卖榜¥25.91000+人购买papi酱胡彦斌同款 韩国yao梳子热销爆款官方立减12%消费券大促价保退货宝包邮¥1211万+人购买旺旺在线"", ""folded"": """"}",/Users/muhan/Documents/Codex/2026-07-09/https-detail-tmall-com-item-htm/outputs/live_product_860413289189/rendered_product_sections.json
860413289189,capture_limitation,按当前评价抽屉可滚动内容抓取；若平台未继续渲染更多评价，则以截图留证。,/Users/muhan/Documents/Codex/2026-07-09/https-detail-tmall-com-item-htm/outputs/live_product_860413289189/rendered_product_sections.json
860413289189,product_full_report,"# KRRAMEL Tmall Product Full Capture Generated: 2026-07-09 02:21:24+0800 Item ID: 860413289189 Title: KRRAMEL梳子毕业礼物猪鬃梳子气垫梳生日礼物女生新婚礼物按摩梳 Current visible price: 券后￥396 / 优惠前￥450 Captured reviews: 263 Captured review media URLs: 790 ## Product Parameters - 主要功能: 美发造型,送礼,高颅顶,顺发,按摩头皮 - 品牌: KRRAMEL - 手柄类型: 直柄 - 适用场景: 家庭 - 梳齿材质: 猪鬃 - 是否一次性: 可重复使用 - 货号: XS-LHH - 商品品类: 梳子 - 适用人群: 成人 通用 - 手柄材质: 松塔梳HIPS高抗冲聚和榉木 - 装饰元素: 木质纹理 - 颜色分类: 【说明勿拍】联系客服代写贺卡 绯韵梳语礼盒【中号松塔梳】 灵悦梳影礼盒【中号松塔梳】 灵悦梳影礼盒【大号松塔梳】 梳愈时光礼盒【中号松塔梳】 梳愈时光礼盒【大号松塔梳】 品牌限定礼盒【中号松塔梳】 鎏金梳丽礼盒【中号松塔梳】 养生护发礼盒【中号松塔梳】 至臻护发礼盒【中号松塔梳】 护发经络梳礼【中号松塔梳】 谧光梳礼礼盒【中号松塔梳】 谧光梳礼礼盒【大号松塔梳】 叶影奢华礼盒【大号松塔梳，赠刮痧板】 叶影奢华礼盒【中号松塔梳，赠刮痧板】 璀璨梳影礼盒【中号松塔梳】 【一梳百顺】流光梳影礼盒【中号松塔梳+中号梳】 【一梳百顺】流光梳影礼盒【大号松塔梳+中号梳】 【好梳成双】青丝沐语礼盒【中号松塔梳+中号梳】 【好梳成双】青丝沐语礼盒【大号松塔梳+中号梳】 ## Gift Box / SKU Options | Source | SKU | Included products | Price | Badges | Design keywords | | --- | --- | --- | --- | --- | --- | | visible_sku_panel | 【说明勿拍】联系客服代写贺卡 【新老包装替换】 | 说明勿拍 | 券后￥293起 / 优惠前￥334起 | 新老包装替换 | | | visible_sku_panel | 绯韵梳语礼盒【中号松塔梳】 | 中号松塔梳 | 券后￥327 / 优惠前￥372 | | 礼盒 / 松塔 / 中号 | | visible_sku_panel | 灵悦梳影礼盒【中号松塔梳】万人加购 | 中号松塔梳 | 券后￥293 / 优惠前￥334 | 万人加购 | 礼盒 / 灵悦梳影 / 松塔 / 中号 | | visible_sku_panel | 灵悦梳影礼盒【大号松塔梳】 | 大号松塔梳 | 券后￥339 / 优惠前￥386 | | 礼盒 / 灵悦梳影 / 松塔 / 大号 | | visible_sku_panel | 梳愈时光礼盒【中号松塔梳】 | 中号松塔梳 | 券后￥293 / 优惠前￥334 | | 礼盒 / 松塔 / 中号 | | visible_sku_panel | 梳愈时光礼盒【大号松塔梳】 | 大号松塔梳 | 券后￥339 / 优惠前￥386 | | 礼盒 / 松塔 / 大号 | | visible_sku_panel | 品牌限定礼盒【中号松塔梳】 | 中号松塔梳 | 券后￥344 / 优惠前￥391 | | 礼盒 / 松塔 / 中号 | | visible_sku_panel | 鎏金梳丽礼盒【中号松塔梳】 | 中号松塔梳 | 券后￥386 / 优惠前￥439 | | 礼盒 / 松塔 / 中号 | | visible_sku_panel | 养生护发礼盒【中号松塔梳】 | 中号松塔梳 | 券后￥458 / 优惠前￥521 | | 礼盒 / 松塔 / 护发 / 中号 | | visible_sku_panel | 至臻护发礼盒【中号松塔梳】 | 中号松塔梳 | 券后￥402 / 优惠前￥457 | | 礼盒 / 松塔 / 护发 / 中号 | | visible_sku_panel | 护发经络梳礼【中号松塔梳】 | 中号松塔梳 | 券后￥388 / 优惠前￥442 | | 松塔 / 护发 / 中号 | | visible_sku_panel | 谧光梳礼礼盒【中号松塔梳】 | 中号松塔梳 | 券后￥308 / 优惠前￥350 | | 礼盒 / 松塔 / 中号 | | visible_sku_panel | 谧光梳礼礼盒【大号松塔梳】 | 大号松塔梳 | 券后￥352 / 优惠前￥400 | | 礼盒 / 松塔 / 大号 | | visible_sku_panel | 叶影奢华礼盒【大号松塔梳，赠刮痧板】 | 大号松塔梳 / 赠刮痧板 | 券后￥573 / 优惠前￥652 | | 礼盒 / 松塔 / 大号 | | visible_sku_panel | 叶影奢华礼盒【中号松塔梳，赠刮痧板】 | 中号松塔梳 / 赠刮痧板 | 券后￥526 / 优惠前￥598 | | 礼盒 / 松塔 / 中号 | | visible_sku_panel | 璀璨梳影礼盒【中号松塔梳】 | 中号松塔梳 | 券后￥388 / 优惠前￥442 | | 礼盒 / 松塔 / 中号 | | visible_sku_panel | 【一梳百顺】流光梳影礼盒【中号松塔梳+中号梳】 | 中号松塔梳 / 中号梳 | 券后￥308 / 优惠前￥350 | | 礼盒 / 松塔 / 中号 | | visible_sku_panel | 【一梳百顺】流光梳影礼盒【大号松塔梳+中号梳】 | 大号松塔梳 / 中号梳 | 券后￥352 / 优惠前￥400 | | 礼盒 / 松塔 / 中号 / 大号 | | visible_sku_panel | 【好梳成双】青丝沐语礼盒【中号松塔梳+中号梳】 | 中号松塔梳 / 中号梳 | 券后￥352 / 优惠前￥400 | | 礼盒 / 松塔 / 中号 | | visible_sku_panel | 【好梳成双】青丝沐语礼盒【大号松塔梳+中号梳】 | 大号松塔梳 / 中号梳 | 券后￥396 / 优惠前￥450 | | 礼盒 / 松塔 / 中号 / 大号 | | parameter_area_only | 流光梳影礼盒【中号松塔梳+中号梳】 | 中号松塔梳 / 中号梳 | | | 礼盒 / 松塔 / 中号 | | parameter_area_only | 流光梳影礼盒【大号松塔梳+中号梳】 | 大号松塔梳 / 中号梳 | | | 礼盒 / 松塔 / 中号 / 大号 | | parameter_area_only | 青丝沐语礼盒【中号松塔梳+中号梳】 | 中号松塔梳 / 中号梳 | | | 礼盒 / 松塔 / 中号 | | parameter_area_only | 青丝沐语礼盒【大号松塔梳+中号梳】 | 大号松塔梳 / 中号梳 | | | 礼盒 / 松塔 / 中号 / 大号 | ## Review Capture - Review summary: {""tags"": [""包装不错25"", ""实用性高16"", ""外观好看15"", ""精致礼盒15"", ""礼物很贴心12"", ""查看全部评价"", ""查看全部问答"", ""礼盒装包装种类"", ""包装种类"", ""主要功能美发造型,送礼,高颅顶,顺发,按摩头皮"", ""美发造型,送礼,高颅顶,顺发,按摩头皮"", ""梳齿材质猪鬃"", ""梳齿材质"", ""手柄材质松塔梳HIPS高抗冲聚和榉木"", ""手柄材质"", ""【说明勿拍】联系客服代写贺卡 【新老包装替换】"", ""KRRAMEL新婚送新人有意义礼物"", ""【新婚礼物】臻献心意礼盒"", ""KRRAMEL梳子礼盒气垫按摩梳送礼"", ""KRRAMEL按摩梳礼盒装送人礼物"", ""新婚礼物送新娘梳子结婚一对订婚"", ""新婚礼物结婚礼盒送闺蜜一梳百顺"", ""【新婚礼物】一梳百顺梳子礼盒"", ""KRRAMEL毕业礼物送老师"", ""KRRAMEL生日礼物实用高级感梳子"", ""KRRAMEL闺蜜生日礼物高级感礼物"", ""新婚礼物送闺蜜高级实用结婚礼物"", ""KRRAMEL生日礼物女猪鬃梳送闺蜜"", ""象上情侣对杯新婚礼物礼盒装"", ""热销爆款 送女朋友老婆节日礼物"", ""WOOCH物取旋转玻璃杯礼盒装礼物"", ""英氏宝宝布书早教认知见面礼物"", ""新婚礼物送新人高级实用梳子礼盒"", ""KRRAMEL四叶草头部经络按摩梳"", ""KRRAMEL新婚礼物送梳子护发礼盒"", ""In Forest小森香薰礼盒节日礼物"", ""【周岁礼物】益智玩具一套配齐！"", ""KRRAMEL生日礼物送闺蜜新婚礼盒"", ""象上窑变工艺手工圣诞礼物咖啡杯"", ""krramel四叶草按摩头皮经络梳"", ""KRRAMEL闺蜜生日礼物女生梳子"", ""KRRAMEL礼物心动链接恋爱告急"", ""KRRAMEL生日礼物女生送闺蜜梳子"", ""故宫淘宝百喜毯新婚礼物"", ""初心羊角梳按摩梳经络指环梳礼盒"", ""KRRAMEL生日礼物女生梳子礼盒"", ""KRRAMEL轻奢高级感生日礼物梳子"", ""虞美人生日礼物牦牛角套装礼盒"", ""【生日礼物】非遗瓷花芍药夜灯"", ""KRRAMEL四合一按摩梳多功能"", ""Charabanc壁炉香薰机七夕礼物"", ""KRRAMEL琥珀猪鬃护发按摩梳"", ""KRRAMEL猫咪经络梳生日礼物"", ""虞美人生日礼物牦牛角梳子礼盒"", ""KRRAMEL按摩气垫梳 家用卷发梳"", ""初心高档养生梳子礼盒实用送老师"", ""RHOS结婚梳一对红色喜梳高颜值"", ""美国KRRAMEL气垫梳按摩女士专用"", ""女生超喜欢的按摩神器！生日礼物"", ""KRRAMEL【特价】礼物护发礼盒梳"", ""徕芬SE2吹风机敦煌红礼盒礼物"", ""初心养生梳子木梳生日礼物送女友"", ""美国WetBrush气垫按摩梳顺发梳子"", ""KRRAMEL粉色生日礼物女生"", ""梵瀚 纯实木可爱首饰盒高档精致"", ""星星人永生花情人节七夕礼物"", ""KRRAMEL洗头刷洗头神器头皮清洁"", ""檀木梳子礼盒按摩梳新婚礼物实用"", ""日本Tosfu猪鬃毛按摩梳"", ""珍稀老白水牛角梳按摩礼盒装高档"", ""WetBrush速干梳干发帽套装送礼物"", ""金色精致气质耳夹无耳洞""], ""titleText"": ""shirleytempo晗shirleytempo晗账号管理|退出查看你的专属权益网页无障碍淘宝网首页已买到的宝贝我的淘宝我的足迹我的卡券包购物车29收藏夹收藏的宝贝收藏的店铺免费开店淘宝开店天猫开店开直播店千牛卖家中心开店入驻已卖出的宝贝出售中的宝贝卖家服务市场卖家培训中心体检中心电商学习中心帮助中心官方客服商家客服消息中心意见反馈举报中心淘宝规则 krramel梳子 搜索搜本店 宝贝 Ctrl+V 粘贴图片快速图搜 按图片搜索 Ctrl+V 粘贴图片到此处 上传图片 KRRAMEL旗舰店5.088VIP好评率97%次日达超94%同行客服满意度97%客服进店参数直播讲解视频图集参数用户评价参数信息图文详情本店推荐看了又看用户评价·1000+近3个月好评率高达99.4%包装不错25包装不错25整体体验好20实用性高16外观好看15精致礼盒15礼物很贴心12小饼干2026-05-09已购：灵悦梳影礼盒【大号松塔梳】我就是收到这个礼物的新娘本人！真的，在拆了一晚上红包和家电之后，拆到这个礼盒，瞬间就被治愈了🥹它不是一个物件，是一种“我们会好好过日子”的温柔提醒。非常用心美少女yancy2026-05-13已购：绯韵梳语礼盒【中号松塔梳】送给闺蜜作为新婚礼物的 非常合适啊，寓意很好 实用性也强，不是那种放着落灰的礼盒,送她当场就拆开看了，说特别喜欢这个搭配！浴球和抓夹的"", ""tailText"": ""立减15%消费券大促价保退货宝包邮¥159.61000+人购买CONGSTUDIO手绘猫咪陶瓷杯釉下彩热销爆款消费券大促价保¥1721万+人购买星星人永生花情人节七夕礼物热销爆款官方立减12%消费券大促价保退货宝包邮¥3381000+人购买纪先生马年懒人自动功夫茶具套装官方立减12%消费券大促价保退货宝包邮¥240.35200+人购买KRRAMEL洗头刷洗头神器头皮清洁热销爆款全网低价消费券大促价保包邮¥58.81000+人购买檀木梳子礼盒按摩梳新婚礼物实用热销爆款官方立减12%大促价保退货宝淘金币抵4.7元包邮¥1391000+人购买由瓷毕业季礼物非遗手捏金桂瓷花香薰快客杯礼盒无火扩香器伴手礼消费券大促价保退货宝淘金币抵5.6元包邮¥165100+人购买日本Tosfu猪鬃毛按摩梳官方立减12%退货宝包邮¥35.11000+人购买JAY轻奢蓝色耳环复古耳夹入选合金耳夹热卖榜¥210.56500+人购买珍稀老白水牛角梳按摩礼盒装高档入选牛角梳排骨梳热销榜¥318.3200+人购买【原创】盐湖绝美耳夹银针耳饰女满11减10退货宝包邮¥27.71000+人购买WetBrush速干梳干发帽套装送礼物热销爆款官方立减12%消费券大促价保满50减10退货宝包邮¥1121000+人购买日本Tosfu洗澡搓脚神器热销爆款官方立减12%消费券大促价保退货宝包邮¥28.61万+人购买琥珀色复古风晕染耳饰无耳洞耳夹官方立减12%消费券大促价保包邮¥57.91000+人购买【小红书推荐】蕾丝高档沐浴球女热销爆款全网低价消费券大促价保包邮¥9.55万+人购买金色精致气质耳夹无耳洞消费券大促价保包邮¥26.13500+人购买妍彩气质小众方形珍珠耳坠女入选珍珠耳夹热卖榜¥25.91000+人购买papi酱胡彦斌同款 韩国yao梳子热销爆款官方立减12%消费券大促价保退货宝包邮¥1211万+人购买旺旺在线"", ""folded"": """"} - Captured: 263 reviews. - Limitation: 按当前评价抽屉可滚动内容抓取；若平台未继续渲染更多评价，则以截图留证。",/Users/muhan/Documents/Codex/2026-07-09/https-detail-tmall-com-item-htm/outputs/live_product_860413289189/product_full_report.md
992447347764,title,KRRAMEL梳子生日礼物女生闺蜜实用的高级感女士按摩经络梳子头部,/Users/muhan/Documents/Codex/2026-07-09/https-detail-tmall-com-item-htm/outputs/live_product_992447347764/rendered_product_sections.json
992447347764,right_panel_text,"KRRAMEL梳子生日礼物女生闺蜜实用的高级感女士按摩经络梳子头部 券后 ￥ 276 优惠前 ￥ 314 天猫榜单 热销榜·第17名 KRRAMEL梳子生日礼物女生闺蜜实用的高级感女士按摩经络梳子头部 已售 1000+ 可开发票 多人评价""小包装很精致"" 超700人加购 券后 ￥ 276 优惠前￥314 距结束 21:44:07 官方立减12%省38元 预计今天发货，明天送达 快递: 免运费，可加价选顺丰 浙江金华 至 杭州市 拱墅区 大促价保破损包退88VIP退货包运费极速退款7天无理由退换 信用卡支付 颜色分类 切换大图模式 下单送随机小镜子 礼梳成双礼盒【大号松塔梳】 HIPS高抗聚冲 梳适焕肤【大号松塔梳】 HIPS高抗聚冲、藏羊角、紫光檀 礼梳成双礼盒【中号松塔梳】 HIPS高抗聚冲 千人加购 梳适焕肤【中号松塔梳】 HIPS高抗聚冲、藏羊角、紫光檀 粉梳成双礼盒【大号粉色松塔+粉色吨吨梳】 粉梳成双礼盒【中号粉色松塔+粉色吨吨梳】 数量 有货 加入购物车 领券购买 收藏 加采购",/Users/muhan/Documents/Codex/2026-07-09/https-detail-tmall-com-item-htm/outputs/live_product_992447347764/rendered_product_sections.json
992447347764,product_text_snapshot,"用户评价 参数信息 图文详情 本店推荐 看了又看 用户评价·68 礼盒装很精致13 使用效果好用9 活动价很便宜4 外观材质好看4 不输给大品牌3 功能多变3 适用性很广2 大小很正规2 匿名买家 2026-05-23已购：梳适焕肤【中号松塔梳】[HIPS高抗聚冲、藏羊角、紫光檀] 买来送的朋友，当生日礼物的朋友，超级喜欢这个东西，送礼物真的很合适 悦大头Jutta 2026-06-16已购：礼梳成双礼盒【中号松塔梳】[HIPS高抗聚冲] 小巧便携，放包里完全不占地方。 查看全部评价 参数信息 盒装 包装种类 所有发质 适用发质 猪鬃梳 梳子种类 小巧便携 便携设计 抛光 表面工艺 可水洗 清洁方式 主要功能 送礼,梳发提神 品牌 KRRAMEL 手柄类型 直柄 适用场景 家庭 梳齿材质 猪鬃毛 是否一次性 可重复使用 货号 ZH-YSST-YSDD-1 商品品类 化妆梳 适用人群 通用 装饰元素 猪鬃毛 颜色分类 下单送随机小镜子 礼梳成双礼盒【大号松塔梳】 梳适焕肤【大号松塔梳】 礼梳成双礼盒【中号松塔梳】 梳适焕肤【中号松塔梳】 粉梳成双礼盒【大号粉色松塔+粉色吨吨梳】 粉梳成双礼盒【中号粉色松塔+粉色吨吨梳】 图文详情 本店推荐 KRRAMEL生日礼物新升级松塔梳子头皮护发猪鬃梳可水洗蓬松颅顶梳 ¥127.002人付款 KRRAMEL梳子松塔猪鬃毛梳护发梳蓬松气垫梳按摩梳子礼盒生日礼物 ¥165.005000+人付款 KRRAMEL新婚礼物生日礼物女生梳子结婚一对送闺蜜订婚伴手礼品 ¥330.0084人付款 KRRAMEL搓澡海绵起泡丰富高档不散超柔软家用女洗澡浴花球大号沐 ¥28.002000+人付款 KRRAMEL梳子礼盒木梳气囊梳气垫梳按摩梳子礼盒生日礼物女生礼物 ¥169.001000+人付款 KRRAMEL新款榉木搓脚板磨脚神器去死皮老茧脚后跟脚底磨脚石修脚 ¥79.0082人付款 KRRAMEL生日礼物镂空梳子蓬松高颅顶梳子气垫梳按摩梳排骨梳头梳 ¥188.00300+人付款 KRRAMEL生日礼物送闺蜜实用妈妈礼物轻奢礼盒养生礼物经络按摩梳 ¥334.0025人付款 KRRAMEL梳子生日礼物气垫梳蓬松梳松塔猪鬃毛梳子按摩梳护发礼盒 ¥165.0012人付款 KRRAMEL梳子毕业礼物猪鬃梳子气垫梳生日礼物女生新婚礼物按摩梳 ¥334.00500+人付款 KRRAMEL纯猪鬃干刷身体刷子皮肤刷酸搓澡搓泥洗澡神器鬓毛美体刷 ¥106.00200+人付款 KRRAMELmini小梳子随身便携蓬松梳子木梳便携按摩气囊迷你气垫梳 ¥69.00400+人付款 KRRAMEL新款粉色玫瑰不散沐浴花浴球洗澡大号泡泡浴搓澡神器柔软 ¥38.001000+人付款 --- 用户评价·68 礼盒装很精致13 使用效果好用9 活动价很便宜4 外观材质好看4 不输给大品牌3 功能多变3 适用性很广2 大小很正规2 匿名买家 2026-05-23已购：梳适焕肤【中号松塔梳】[HIPS高抗聚冲、藏羊角、紫光檀] 买来送的朋友，当生日礼物的朋友，超级喜欢这个东西，送礼物真的很合适 悦大头Jutta 2026-06-16已购：礼梳成双礼盒【中号松塔梳】[HIPS高抗聚冲] 小巧便携，放包里完全不占地方。 查看全部评价 --- 参数信息 盒装 包装种类 所有发质 适用发质 猪鬃梳 梳子种类 小巧便携 便携设计 抛光 表面工艺 可水洗 清洁方式 主要功能 送礼,梳发提神 品牌 KRRAMEL 手柄类型 直柄 适用场景 家庭 梳齿材质 猪鬃毛 是否一次性 可重复使用 货号 ZH-YSST-YSDD-1 商品品类 化妆梳 适用人群 通用 装饰元素 猪鬃毛 颜色分类 下单送随机小镜子 礼梳成双礼盒【大号松塔梳】 梳适焕肤【大号松塔梳】 礼梳成双礼盒【中号松塔梳】 梳适焕肤【中号松塔梳】 粉梳成双礼盒【大号粉色松塔+粉色吨吨梳】 粉梳成双礼盒【中号粉色松塔+粉色吨吨梳】 --- 本店推荐 KRRAMEL生日礼物新升级松塔梳子头皮护发猪鬃梳可水洗蓬松颅顶梳 ¥127.002人付款 KRRAMEL梳子松塔猪鬃毛梳护发梳蓬松气垫梳按摩梳子礼盒生日礼物 ¥165.005000+人付款 KRRAMEL新婚礼物生日礼物女生梳子结婚一对送闺蜜订婚伴手礼品 ¥330.0084人付款 KRRAMEL搓澡海绵起泡丰富高档不散超柔软家用女洗澡浴花球大号沐 ¥28.002000+人付款 KRRAMEL梳子礼盒木梳气囊梳气垫梳按摩梳子礼盒生日礼物女生礼物 ¥169.001000+人付款 KRRAMEL新款榉木搓脚板磨脚神器去死皮老茧脚后跟脚底磨脚石修脚 ¥79.0082人付款 KRRAMEL生日礼物镂空梳子蓬松高颅顶梳子气垫梳按摩梳排骨梳头梳 ¥188.00300+人付款 KRRAMEL生日礼物送闺蜜实用妈妈礼物轻奢礼盒养生礼物经络按摩梳 ¥334.0025人付款 KRRAMEL梳子生日礼物气垫梳蓬松梳松塔猪鬃毛梳子按摩梳护发礼盒 ¥165.0012人付款 KRRAMEL梳子毕业礼物猪鬃梳子气垫梳生日礼物女生新婚礼物按摩梳 ¥334.00500+人付款 KRRAMEL纯猪鬃干刷身体刷子皮肤刷酸搓澡搓泥洗澡神器鬓毛美体刷 ¥106.00200+人付款 KRRAMELmini小梳子随身便携蓬松梳子木梳便携按摩气囊迷你气垫梳 ¥69.00400+人付款 KRRAMEL新款粉色玫瑰不散沐浴花浴球洗澡大号泡泡浴搓澡神器柔软 ¥38.001000+人付款 --- KRRAMEL梳子生日礼物女生闺蜜实用的高级感女士按摩经络梳子头部 券后 ￥ 276 优惠前 ￥ 314 天猫榜单 热销榜·第17名 KRRAMEL梳子生日礼物女生闺蜜实用的高级感女士按摩经络梳子头部 已售 1000+ 可开发票 多人评价""小包装很精致"" 超700人加购 券后 ￥ 276 优惠前￥314 距结束 21:44:07 官方立减12%省38元 预计今天发货，明天送达 快递: 免运费，可加价选顺丰 浙江金华 至 杭州市 拱墅区 大促价保破损包退88VIP退货包运费极速退款7天无理由退换 信用卡支付 颜色分类 切换大图模式 下单送随机小镜子 礼梳成双礼盒【大号松塔梳】 HIPS高抗聚冲 梳适焕肤【大号松塔梳】 HIPS高抗聚冲、藏羊角、紫光檀 礼梳成双礼盒【中号松塔梳】 HIPS高抗聚冲 千人加购 梳适焕肤【中号松塔梳】 HIPS高抗聚冲、藏羊角、紫光檀 粉梳成双礼盒【大号粉色松塔+粉色吨吨梳】 粉梳成双礼盒【中号粉色松塔+粉色吨吨梳】 数量 有货 加入购物车 领券购买 收藏 加采购",/Users/muhan/Documents/Codex/2026-07-09/https-detail-tmall-com-item-htm/outputs/live_product_992447347764/rendered_product_sections.json
992447347764,params_area_text,"参数信息盒装包装种类所有发质适用发质猪鬃梳梳子种类小巧便携便携设计抛光表面工艺可水洗清洁方式主要功能送礼,梳发提神品牌KRRAMEL手柄类型直柄适用场景家庭梳齿材质猪鬃毛是否一次性可重复使用货号ZH-YSST-YSDD-1商品品类化妆梳适用人群通用装饰元素猪鬃毛颜色分类下单送随机小镜子 礼梳成双礼盒【大号松塔梳】 梳适焕肤【大号松塔梳】 礼梳成双礼盒【中号松塔梳】 梳适焕肤【中号松塔梳】 粉梳成双礼盒【大号粉色松塔+粉色吨吨梳】 粉梳成双礼盒【中号粉色松塔+粉色吨吨梳】 盒装包装种类所有发质适用发质猪鬃梳梳子种类小巧便携便携设计抛光表面工艺可水洗清洁方式 盒装包装种类 盒装 包装种类 所有发质适用发质 所有发质 适用发质 猪鬃梳梳子种类 猪鬃梳 梳子种类 小巧便携便携设计 小巧便携 便携设计 抛光表面工艺 抛光 表面工艺 可水洗清洁方式 可水洗 清洁方式 主要功能送礼,梳发提神品牌KRRAMEL手柄类型直柄适用场景家庭梳齿材质猪鬃毛是否一次性可重复使用货号ZH-YSST-YSDD-1商品品类化妆梳适用人群通用装饰元素猪鬃毛颜色分类下单送随机小镜子 礼梳成双礼盒【大号松塔梳】 梳适焕肤【大号松塔梳】 礼梳成双礼盒【中号松塔梳】 梳适焕肤【中号松塔梳】 粉梳成双礼盒【大号粉色松塔+粉色吨吨梳】 粉梳成双礼盒【中号粉色松塔+粉色吨吨梳】 主要功能送礼,梳发提神 主要功能 送礼,梳发提神 品牌KRRAMEL 品牌 KRRAMEL 手柄类型直柄 手柄类型 直柄 适用场景家庭 适用场景 家庭 梳齿材质猪鬃毛 梳齿材质 猪鬃毛 是否一次性可重复使用 是否一次性 可重复使用 货号ZH-YSST-YSDD-1 货号 ZH-YSST-YSDD-1 商品品类化妆梳 商品品类 化妆梳 适用人群通用 适用人群 通用 装饰元素猪鬃毛 装饰元素 颜色分类下单送随机小镜子 礼梳成双礼盒【大号松塔梳】 梳适焕肤【大号松塔梳】 礼梳成双礼盒【中号松塔梳】 梳适焕肤【中号松塔梳】 粉梳成双礼盒【大号粉色松塔+粉色吨吨梳】 粉梳成双礼盒【中号粉色松塔+粉色吨吨梳】 颜色分类 下单送随机小镜子 礼梳成双礼盒【大号松塔梳】 梳适焕肤【大号松塔梳】 礼梳成双礼盒【中号松塔梳】 梳适焕肤【中号松塔梳】 粉梳成双礼盒【大号粉色松塔+粉色吨吨梳】 粉梳成双礼盒【中号粉色松塔+粉色吨吨梳】",/Users/muhan/Documents/Codex/2026-07-09/https-detail-tmall-com-item-htm/outputs/live_product_992447347764/rendered_product_sections.json
992447347764,review_summary,"{""tags"": [""礼盒装很精致13"", ""外观材质好看4"", ""查看全部评价"", ""盒装包装种类"", ""包装种类"", ""梳齿材质猪鬃毛"", ""梳齿材质"", ""多人评价\""小包装很精致\"""", ""KRRAMEL生日礼物实用高级感梳子"", ""KRRAMEL梳子礼盒气垫按摩梳送礼"", ""新婚礼物送新人实用梳子蓬松礼盒"", ""KRRAMEL新婚送新人有意义礼物"", ""KRRAMEL生日礼物女生送闺蜜"", ""KRRAMEL闺蜜生日礼物高级感礼物"", ""新婚礼物结婚礼盒送闺蜜一梳百顺"", ""新婚礼物送新娘梳子结婚一对订婚"", ""【新婚礼物】一梳百顺梳子礼盒"", ""KRRAMEL生日礼物女猪鬃梳送闺蜜"", ""热销爆款 送女朋友老婆节日礼物"", ""英氏宝宝布书早教认知见面礼物"", ""WOOCH物取旋转玻璃杯礼盒装礼物"", ""【新婚礼物】臻献心意礼盒"", ""krramel四叶草按摩头皮经络梳"", ""【周岁礼物】益智玩具一套配齐！"", ""KRRAMEL按摩梳礼盒装送人礼物"", ""KRRAMEL毕业礼物送老师"", ""KRRAMEL生日礼物女生送闺蜜梳子"", ""新婚礼物送新人高级实用梳子礼盒"", ""KRRAMEL新婚礼物送梳子护发礼盒"", ""新婚礼物送闺蜜高级实用结婚礼物"", ""In Forest小森香薰礼盒节日礼物"", ""KRRAMEL四叶草头部经络按摩梳"", ""KRRAMEL生日礼物送闺蜜新婚礼盒"", ""KRRAMEL礼物心动链接恋爱告急"", ""初心羊角梳按摩梳经络指环梳礼盒"", ""KRRAMEL闺蜜生日礼物女生梳子"", ""象上情侣对杯新婚礼物礼盒装"", ""象上窑变工艺手工圣诞礼物咖啡杯"", ""Charabanc壁炉香薰机七夕礼物"", ""skg肩颈按摩仪女生生日 七夕礼物"", ""徕芬SE2吹风机敦煌红礼盒礼物"", ""乔迁礼物花苞灯VP9氛围感台灯"", ""星星人永生花情人节七夕礼物"", ""精致贝壳耳钉轻奢高级感耳饰""], ""titleText"": ""shirleytempo晗shirleytempo晗账号管理|退出查看你的专属权益网页无障碍淘宝网首页已买到的宝贝我的淘宝我的足迹我的卡券包购物车29收藏夹收藏的宝贝收藏的店铺免费开店淘宝开店天猫开店开直播店千牛卖家中心开店入驻已卖出的宝贝出售中的宝贝卖家服务市场卖家培训中心体检中心电商学习中心帮助中心官方客服商家客服消息中心意见反馈举报中心淘宝规则 krramel 搜索搜本店 宝贝 Ctrl+V 粘贴图片快速图搜 按图片搜索 Ctrl+V 粘贴图片到此处 上传图片 KRRAMEL旗舰店5.088VIP好评率97%次日达超94%同行客服满意度97%客服进店参数视频图集参数用户评价参数信息图文详情本店推荐看了又看用户评价·68礼盒装很精致13使用效果好用9活动价很便宜4外观材质好看4不输给大品牌3功能多变3适用性很广2大小很正规2匿名买家2026-05-23已购：梳适焕肤【中号松塔梳】[HIPS高抗聚冲、藏羊角、紫光檀]买来送的朋友，当生日礼物的朋友，超级喜欢这个东西，送礼物真的很合适悦大头Jutta2026-06-16已购：礼梳成双礼盒【中号松塔梳】[HIPS高抗聚冲]小巧便携，放包里完全不占地方。查看全部评价参数信息盒装包装种类所有发质适用发质猪鬃梳梳子种类小巧便携便携设计抛光表面工艺可水洗清洁方式主要功能送礼,梳发提神品牌KRRAMEL手柄类型直柄适用场景家庭梳"", ""tailText"": ""手链钱币造型送女友送妈妈新年礼物官方立减15%消费券大促价保退货宝包邮¥228200+人购买英氏YEEHOO安抚礼盒套装满月礼官方立减20%消费券大促价保退货宝包邮¥358500+人购买英氏新生儿礼盒幼儿启蒙摇铃热销爆款官方立减20%消费券大促价保退货宝包邮¥2581000+人购买纪先生马年懒人自动功夫茶具套装官方立减12%消费券大促价保退货宝包邮¥240.35200+人购买万事利国风丝巾礼盒配礼袋88VIP甄选丝巾回购榜·第7名¥3591000+人购买紫罗兰与鱼时尚女胸针官方立减12%满500减50淘金币抵11.9元包邮¥3508人购买艾玛莫莉香氛融蜡灯礼盒香薰蜡烛女生创意生日礼物结婚乔迁小夜灯消费券大促价保退货宝¥351.1500+人购买星星人永生花情人节七夕礼物热销爆款官方立减12%消费券大促价保退货宝包邮¥3381000+人购买黑白拼色耳环2026新款爆款高级感气质时尚创意个性耳钉女纯银耳饰官方立减12%消费券大促价保包邮¥231100+人购买JAY小香风温柔花朵耳环夏季官方立减12%消费券大促价保退货宝包邮¥169.034人购买JAY轻奢蓝色耳环复古耳夹入选合金耳夹热卖榜¥210.56500+人购买精致贝壳耳钉轻奢高级感耳饰官方立减12%消费券大促价保包邮¥235100+人购买香港【设计师】Caiem Kaiet 高级感时尚设计耳环独特漂亮气质耳钉消费券大促价保包邮¥141500+人购买TOM FORD 女士手提包 L1809LCL068X098EDA SS2026官方立减12%退货宝¥14411川山浮游韩系奶油蓝蝴蝶结系带透光不透人细条纹白色纱帘定制¥851人购买徕芬吹风机SE 2敦煌红礼盒热销爆款官方立减12%消费券大促价保包邮¥4591000+人购买亚朵星球深睡枕Pro3枕头新婚节日生日乔迁送礼品情侣七夕节礼物纤维枕好评榜·第8名¥3091万+人购买旺旺在线"", ""folded"": """"}",/Users/muhan/Documents/Codex/2026-07-09/https-detail-tmall-com-item-htm/outputs/live_product_992447347764/rendered_product_sections.json
992447347764,capture_limitation,按当前评价抽屉可滚动内容抓取；若平台未继续渲染更多评价，则以截图留证。,/Users/muhan/Documents/Codex/2026-07-09/https-detail-tmall-com-item-htm/outputs/live_product_992447347764/rendered_product_sections.json
992447347764,product_full_report,"# KRRAMEL Tmall Product Full Capture Generated: 2026-07-09 02:21:25+0800 Item ID: 992447347764 Title: KRRAMEL梳子生日礼物女生闺蜜实用的高级感女士按摩经络梳子头部 Current visible price: 券后￥276 / 优惠前￥314 Captured reviews: 37 Captured review media URLs: 186 ## Product Parameters - 主要功能: 送礼,梳发提神 - 品牌: KRRAMEL - 手柄类型: 直柄 - 适用场景: 家庭 - 梳齿材质: 猪鬃毛 - 是否一次性: 可重复使用 - 货号: ZH-YSST-YSDD-1 - 商品品类: 化妆梳 - 适用人群: 通用 - 装饰元素: 猪鬃毛 - 颜色分类: 下单送随机小镜子 礼梳成双礼盒【大号松塔梳】 梳适焕肤【大号松塔梳】 礼梳成双礼盒【中号松塔梳】 梳适焕肤【中号松塔梳】 粉梳成双礼盒【大号粉色松塔+粉色吨吨梳】 粉梳成双礼盒【中号粉色松塔+粉色吨吨梳】 ## Gift Box / SKU Options | Source | SKU | Included products | Price | Badges | Design keywords | | --- | --- | --- | --- | --- | --- | | visible_sku_panel | 下单送随机小镜子 | | 券后￥276 / 优惠前￥314 | | 随机 | | visible_sku_panel | 礼梳成双礼盒【大号松塔梳】 HIPS高抗聚冲 | 大号松塔梳 | 券后￥322 / 优惠前￥366 | | 礼盒 / 松塔 / 大号 | | visible_sku_panel | 梳适焕肤【大号松塔梳】 HIPS高抗聚冲、藏羊角、紫光檀 | 大号松塔梳 | 券后￥414 / 优惠前￥471 | | 松塔 / 大号 | | visible_sku_panel | 礼梳成双礼盒【中号松塔梳】 HIPS高抗聚冲千人加购 | 中号松塔梳 | 券后￥276 / 优惠前￥314 | | 礼盒 / 松塔 / 中号 | | visible_sku_panel | 梳适焕肤【中号松塔梳】 HIPS高抗聚冲、藏羊角、紫光檀 | 中号松塔梳 | 券后￥371 / 优惠前￥422 | | 松塔 / 中号 | | visible_sku_panel | 粉梳成双礼盒【大号粉色松塔+粉色吨吨梳】 | 大号粉色松塔 / 粉色吨吨梳 | 券后￥322 / 优惠前￥366 | | 礼盒 / 松塔 / 大号 | | visible_sku_panel | 粉梳成双礼盒【中号粉色松塔+粉色吨吨梳】 | 中号粉色松塔 / 粉色吨吨梳 | 券后￥276 / 优惠前￥314 | | 礼盒 / 松塔 / 中号 | | parameter_area_only | 礼梳成双礼盒【大号松塔梳】 | 大号松塔梳 | | | 礼盒 / 松塔 / 大号 | | parameter_area_only | 梳适焕肤【大号松塔梳】 | 大号松塔梳 | | | 松塔 / 大号 | | parameter_area_only | 礼梳成双礼盒【中号松塔梳】 | 中号松塔梳 | | | 礼盒 / 松塔 / 中号 | | parameter_area_only | 梳适焕肤【中号松塔梳】 | 中号松塔梳 | | | 松塔 / 中号 | ## Review Capture - Review summary: {""tags"": [""礼盒装很精致13"", ""外观材质好看4"", ""查看全部评价"", ""盒装包装种类"", ""包装种类"", ""梳齿材质猪鬃毛"", ""梳齿材质"", ""多人评价\""小包装很精致\"""", ""KRRAMEL生日礼物实用高级感梳子"", ""KRRAMEL梳子礼盒气垫按摩梳送礼"", ""新婚礼物送新人实用梳子蓬松礼盒"", ""KRRAMEL新婚送新人有意义礼物"", ""KRRAMEL生日礼物女生送闺蜜"", ""KRRAMEL闺蜜生日礼物高级感礼物"", ""新婚礼物结婚礼盒送闺蜜一梳百顺"", ""新婚礼物送新娘梳子结婚一对订婚"", ""【新婚礼物】一梳百顺梳子礼盒"", ""KRRAMEL生日礼物女猪鬃梳送闺蜜"", ""热销爆款 送女朋友老婆节日礼物"", ""英氏宝宝布书早教认知见面礼物"", ""WOOCH物取旋转玻璃杯礼盒装礼物"", ""【新婚礼物】臻献心意礼盒"", ""krramel四叶草按摩头皮经络梳"", ""【周岁礼物】益智玩具一套配齐！"", ""KRRAMEL按摩梳礼盒装送人礼物"", ""KRRAMEL毕业礼物送老师"", ""KRRAMEL生日礼物女生送闺蜜梳子"", ""新婚礼物送新人高级实用梳子礼盒"", ""KRRAMEL新婚礼物送梳子护发礼盒"", ""新婚礼物送闺蜜高级实用结婚礼物"", ""In Forest小森香薰礼盒节日礼物"", ""KRRAMEL四叶草头部经络按摩梳"", ""KRRAMEL生日礼物送闺蜜新婚礼盒"", ""KRRAMEL礼物心动链接恋爱告急"", ""初心羊角梳按摩梳经络指环梳礼盒"", ""KRRAMEL闺蜜生日礼物女生梳子"", ""象上情侣对杯新婚礼物礼盒装"", ""象上窑变工艺手工圣诞礼物咖啡杯"", ""Charabanc壁炉香薰机七夕礼物"", ""skg肩颈按摩仪女生生日 七夕礼物"", ""徕芬SE2吹风机敦煌红礼盒礼物"", ""乔迁礼物花苞灯VP9氛围感台灯"", ""星星人永生花情人节七夕礼物"", ""精致贝壳耳钉轻奢高级感耳饰""], ""titleText"": ""shirleytempo晗shirleytempo晗账号管理|退出查看你的专属权益网页无障碍淘宝网首页已买到的宝贝我的淘宝我的足迹我的卡券包购物车29收藏夹收藏的宝贝收藏的店铺免费开店淘宝开店天猫开店开直播店千牛卖家中心开店入驻已卖出的宝贝出售中的宝贝卖家服务市场卖家培训中心体检中心电商学习中心帮助中心官方客服商家客服消息中心意见反馈举报中心淘宝规则 krramel 搜索搜本店 宝贝 Ctrl+V 粘贴图片快速图搜 按图片搜索 Ctrl+V 粘贴图片到此处 上传图片 KRRAMEL旗舰店5.088VIP好评率97%次日达超94%同行客服满意度97%客服进店参数视频图集参数用户评价参数信息图文详情本店推荐看了又看用户评价·68礼盒装很精致13使用效果好用9活动价很便宜4外观材质好看4不输给大品牌3功能多变3适用性很广2大小很正规2匿名买家2026-05-23已购：梳适焕肤【中号松塔梳】[HIPS高抗聚冲、藏羊角、紫光檀]买来送的朋友，当生日礼物的朋友，超级喜欢这个东西，送礼物真的很合适悦大头Jutta2026-06-16已购：礼梳成双礼盒【中号松塔梳】[HIPS高抗聚冲]小巧便携，放包里完全不占地方。查看全部评价参数信息盒装包装种类所有发质适用发质猪鬃梳梳子种类小巧便携便携设计抛光表面工艺可水洗清洁方式主要功能送礼,梳发提神品牌KRRAMEL手柄类型直柄适用场景家庭梳"", ""tailText"": ""手链钱币造型送女友送妈妈新年礼物官方立减15%消费券大促价保退货宝包邮¥228200+人购买英氏YEEHOO安抚礼盒套装满月礼官方立减20%消费券大促价保退货宝包邮¥358500+人购买英氏新生儿礼盒幼儿启蒙摇铃热销爆款官方立减20%消费券大促价保退货宝包邮¥2581000+人购买纪先生马年懒人自动功夫茶具套装官方立减12%消费券大促价保退货宝包邮¥240.35200+人购买万事利国风丝巾礼盒配礼袋88VIP甄选丝巾回购榜·第7名¥3591000+人购买紫罗兰与鱼时尚女胸针官方立减12%满500减50淘金币抵11.9元包邮¥3508人购买艾玛莫莉香氛融蜡灯礼盒香薰蜡烛女生创意生日礼物结婚乔迁小夜灯消费券大促价保退货宝¥351.1500+人购买星星人永生花情人节七夕礼物热销爆款官方立减12%消费券大促价保退货宝包邮¥3381000+人购买黑白拼色耳环2026新款爆款高级感气质时尚创意个性耳钉女纯银耳饰官方立减12%消费券大促价保包邮¥231100+人购买JAY小香风温柔花朵耳环夏季官方立减12%消费券大促价保退货宝包邮¥169.034人购买JAY轻奢蓝色耳环复古耳夹入选合金耳夹热卖榜¥210.56500+人购买精致贝壳耳钉轻奢高级感耳饰官方立减12%消费券大促价保包邮¥235100+人购买香港【设计师】Caiem Kaiet 高级感时尚设计耳环独特漂亮气质耳钉消费券大促价保包邮¥141500+人购买TOM FORD 女士手提包 L1809LCL068X098EDA SS2026官方立减12%退货宝¥14411川山浮游韩系奶油蓝蝴蝶结系带透光不透人细条纹白色纱帘定制¥851人购买徕芬吹风机SE 2敦煌红礼盒热销爆款官方立减12%消费券大促价保包邮¥4591000+人购买亚朵星球深睡枕Pro3枕头新婚节日生日乔迁送礼品情侣七夕节礼物纤维枕好评榜·第8名¥3091万+人购买旺旺在线"", ""folded"": """"} - Captured: 37 reviews. - Limitation: 按当前评价抽屉可滚动内容抓取；若平台未继续渲染更多评价，则以截图留证。",/Users/muhan/Documents/Codex/2026-07-09/https-detail-tmall-com-item-htm/outputs/live_product_992447347764/product_full_report.md
